{"cameraMode":{"drawMode":0,"name":"Shaded","section":"Shading Mode"},"sceneLighting":false,"audioPlay":false,"sceneViewState":{"showFog":true,"showMaterialUpdate":false,"showSkybox":false,"showFlares":true,"showImageEffects":true,"showParticleSystems":true},"in2DMode":false,"pivot":{"x":0.5724920630455017,"y":1.2968029975891114,"z":-0.7639250159263611},"rotation":{"x":-0.0005467988085001707,"y":0.9990016222000122,"z":-0.043485406786203387,"w":-0.013193200342357159},"size":1.2317405939102173,"orthographic":false}