{"cameraMode":{"drawMode":0,"name":"Shaded","section":"Shading Mode"},"sceneLighting":false,"audioPlay":false,"sceneViewState":{"showFog":true,"showMaterialUpdate":false,"showSkybox":true,"showFlares":true,"showImageEffects":true,"showParticleSystems":true},"in2DMode":false,"pivot":{"x":-0.04281168431043625,"y":-2.8324801921844484,"z":7.901812553405762},"rotation":{"x":0.20323163270950318,"y":0.08798719197511673,"z":-0.018340719863772394,"w":0.97500079870224},"size":6.03225040435791,"orthographic":false}