{"cameraMode":{"drawMode":0,"name":"Shaded","section":"Shading Mode"},"sceneLighting":false,"audioPlay":false,"sceneViewState":{"showFog":true,"showMaterialUpdate":false,"showSkybox":false,"showFlares":true,"showImageEffects":true,"showParticleSystems":true},"in2DMode":false,"pivot":{"x":-1.5463051795959473,"y":2.5247750282287599,"z":3.317202568054199},"rotation":{"x":0.04113922640681267,"y":0.9571453928947449,"z":-0.17120540142059327,"w":0.22996880114078523},"size":0.052578579634428027,"orthographic":false}