{"cameraMode":{"drawMode":0,"name":"Shaded","section":"Shading Mode"},"sceneLighting":false,"audioPlay":false,"sceneViewState":{"showFog":true,"showMaterialUpdate":false,"showSkybox":false,"showFlares":true,"showImageEffects":true,"showParticleSystems":true},"in2DMode":false,"pivot":{"x":1.165065884590149,"y":2.5593395233154299,"z":17.56801986694336},"rotation":{"x":-0.049442242830991748,"y":0.03894210606813431,"z":0.0019341527950018645,"w":0.9980239868164063},"size":10.0,"orthographic":false}