{"cameraMode":{"drawMode":0,"name":"Shaded","section":"Shading Mode"},"sceneLighting":false,"audioPlay":false,"sceneViewState":{"showFog":true,"showMaterialUpdate":false,"showSkybox":false,"showFlares":true,"showImageEffects":true,"showParticleSystems":true},"in2DMode":false,"pivot":{"x":-2.1758642196655275,"y":0.48373711109161379,"z":0.08400079607963562},"rotation":{"x":0.12487220764160156,"y":0.7248765230178833,"z":-0.13640543818473817,"w":0.6636042594909668},"size":0.36532825231552126,"orthographic":false}